{"type":"Topology","transform":{"scale":[0.0038093597799300355,0.00285671696814504],"translate":[-123.06535960715956,36.65509287812408]},"arcs":[[[4863,1961],[-3,-3],[-50,-84],[-108,-192],[-27,-110],[-74,-187],[-51,-125],[-42,-117],[1,-1]],[[4509,1142],[-62,-74],[-40,-94],[-24,-6],[-8,-7],[-34,-29],[-86,-1],[-92,15],[-36,35],[-11,66],[19,47],[2,40],[-12,49],[-28,43],[-54,20],[-55,4],[-41,-22],[-18,-31],[-87,-18],[-110,14],[-86,5],[-86,13],[-56,3]],[[3504,1214],[-31,1],[-38,18],[-21,65],[2,49],[-37,50],[-15,25],[-63,10],[-23,25],[-39,18],[-64,18],[-54,26],[-55,50],[-62,50],[-48,17],[-7,65],[1,40],[6,34]],[[2956,1775],[4,22],[1,41],[1,64],[35,80],[34,39],[90,22],[58,46],[27,48],[1,48],[-23,33],[-39,58],[-23,57],[-15,65],[2,65],[10,48],[28,71],[19,89],[-11,162],[12,104],[26,107],[47,67]],[[3240,3111],[88,76]],[[3328,3187],[59,-34],[89,-16],[183,-19],[145,-8],[40,-51],[71,-77],[55,-68],[47,-52],[47,-52],[40,-27],[12,-65],[12,-58],[15,-27],[18,-32],[4,-8],[1,-11],[3,-46],[1,-26],[2,-47],[2,-73],[3,-65],[12,-66],[94,-64],[109,-65],[58,-61],[112,-51],[47,-21],[153,-23],[101,-13],[0,0]],[[3328,3187],[-35,-30],[-53,-46]],[[2956,1775],[-70,-24],[-35,-9],[-32,-18],[-30,-28],[-13,-19],[-20,-28],[-17,-40],[-48,-48],[-72,-23],[-72,-32],[-25,-37],[-29,-11],[-37,0],[-100,0],[-223,-1],[-111,7],[-96,-2],[-103,14],[-88,14],[-120,4],[-56,14],[-50,47],[-25,39],[-57,30],[-66,46],[-5,11]],[[1356,1681],[27,30],[-4,89],[-12,96],[-5,112],[5,73],[-18,48],[-27,30],[-52,24],[-38,11],[-27,13],[-11,15],[-15,20],[-43,46],[-15,42],[-12,48],[-7,73],[-2,57],[-5,38],[3,57],[4,59],[-1,51]],[[1101,2713],[-9,-9],[6,7]],[[1098,2711],[61,71],[39,67],[39,58],[22,74],[39,59],[43,9],[76,7],[59,7],[136,4],[111,4],[77,2],[59,9],[42,33],[94,34],[76,9],[77,66],[42,24],[52,9],[60,16],[77,0],[43,-8],[69,0],[52,-8],[85,-1],[69,-1],[95,15],[103,-2],[30,-1],[26,19],[15,72],[-6,87],[1,49],[2,81],[24,61],[29,47],[36,38],[48,10]],[[3100,3731],[5,-1],[41,-1],[66,-28],[66,-20],[21,-30],[20,-48],[26,-59],[18,-45],[-1,-91],[-38,-129],[1,-18],[3,-74]],[[3504,1214],[-17,-48],[-35,-79],[-34,-71],[-43,-78],[-49,-79],[-59,-110],[-26,-88],[-9,-48]],[[3232,613],[-29,-164],[-54,-89],[-80,-94],[-71,-88],[-122,-62],[-128,11],[-67,9],[-15,48],[-37,65],[-53,49],[-90,17],[-175,0],[-493,1],[-212,-14],[-151,-30],[-67,-19],[-74,-36],[-129,1],[-99,19],[-87,51],[-105,115],[-42,61],[-28,200],[-7,121],[29,78],[14,41],[8,38],[1,4]],[[869,946],[9,31],[7,29],[41,9],[42,5],[16,5],[11,16],[7,30],[2,97],[-4,72],[-2,48],[-5,73],[14,33],[22,33],[23,26],[14,33],[30,26],[47,18],[-1,33],[-3,40],[16,9],[30,41],[39,27],[31,25],[40,2],[57,-29],[4,3]],[[4509,1142],[133,-85],[73,-56],[77,-89],[90,-114],[38,-123],[-14,-172],[-60,-66],[-93,-87],[-89,-55],[-34,-45],[-50,-44],[-64,-42],[-61,-11],[-62,-18],[-77,-18],[-65,-59],[-79,-58],[-98,0],[-127,17],[-141,18],[-134,33],[-74,28],[-80,53],[-111,62],[-72,92],[-56,149],[-18,59],[-19,44],[-10,58]],[[3100,3731],[-10,0],[-36,24],[-17,26],[-10,25],[-8,29],[-7,24],[-10,36],[-3,32],[1,68],[4,121],[-6,116],[20,81],[11,73],[30,90],[30,50],[33,59],[34,46],[74,28],[330,-21],[126,-22],[100,-14],[90,-29],[127,-16],[80,-21],[115,-49],[106,-32],[103,-65],[154,-95],[89,-98],[80,-97],[72,-80],[106,-84],[138,-112],[115,-70],[117,-119],[80,-124],[-29,-152],[-2,-146],[-19,-145],[-18,-136],[-34,-194],[-50,-217],[-50,-116],[-52,-94],[-45,-101],[-66,-73],[-16,-53],[-53,-108],[-61,-15]],[[1098,2711],[3,2]],[[869,946],[-24,2],[-94,10],[-105,48],[-65,36],[-60,68],[-77,74],[-67,51],[-67,43],[-45,60],[-4,48],[0,89],[-8,88],[-6,64],[-10,24],[-19,38],[-44,37],[-61,43],[-21,54],[-13,47],[-19,31],[-30,54],[-23,62],[-7,72],[1,73],[52,54],[43,69],[69,55],[43,69],[42,84],[5,41],[39,28],[57,13],[-2,24],[21,42],[55,45],[116,25],[142,11],[126,0],[154,-39],[102,5],[33,23]],[[810,4165],[79,4],[79,5],[102,-20],[72,-35],[64,-34],[47,-61],[22,-75],[3,-94],[1,-57],[-6,-30],[-14,-27],[-38,-145],[-64,-247],[-53,-139],[-48,-88],[-94,-55],[-120,-22],[-127,-8],[-168,117],[-48,119],[-19,135],[24,167],[42,240],[38,111],[76,128],[150,111]]],"objects":{"mgmtZonesRefLayer":{"type":"GeometryCollection","geometries":[{"arcs":[[0,1,2,3,4,5]],"type":"Polygon","properties":{"zone":"II","name":"Wyoming Basins Management Zone"}},{"arcs":[[6,-4,7,8,9,10,11]],"type":"Polygon","properties":{"zone":"IV","name":"Snake River Plain Management Zone"}},{"arcs":[[12,13,14,-8,-3]],"type":"Polygon","properties":{"zone":"III","name":"Southern Great Basin Management Zone"}},{"arcs":[[15,-13,-2]],"type":"Polygon","properties":{"zone":"VII","name":"Colorado Plateau Management Zone"}},{"arcs":[[-6,-12,16]],"type":"Polygon","properties":{"zone":"I","name":"Great Plains Management Zone"}},{"arcs":[[17,-9,-15,18]],"type":"Polygon","properties":{"zone":"V","name":"Northern Great Basin Management Zone"}},{"arcs":[[19]],"type":"Polygon","properties":{"zone":"VI","name":"Columbia Basin Management Zone"}}]}}}